<?xml version="1.0" encoding="UTF-8"?>
    <jointAnglesGroup>
        <jointAngles>
            <applicationData>{&quot;kinova&quot;:{&quot;color&quot;:0}}</applicationData>
            <handle>
                <identifier>10003</identifier>
                <permission>7</permission>
                <actionType>7</actionType>
            </handle>
            <reachJointAngles>
                <jointAngles>
                    <jointAngles>
                        <value>346.29400634765625</value>
                        <jointIdentifier>0</jointIdentifier>
                    </jointAngles>
                    <jointAngles>
                        <value>48.7515869140625</value>
                        <jointIdentifier>1</jointIdentifier>
                    </jointAngles>
                    <jointAngles>
                        <value>5.772139072418213</value>
                        <jointIdentifier>2</jointIdentifier>
                    </jointAngles>
                    <jointAngles>
                        <value>137.63792419433594</value>
                        <jointIdentifier>3</jointIdentifier>
                    </jointAngles>
                    <jointAngles>
                        <value>355.8074951171875</value>
                        <jointIdentifier>4</jointIdentifier>
                    </jointAngles>
                    <jointAngles>
                        <value>262.2267150878906</value>
                        <jointIdentifier>5</jointIdentifier>
                    </jointAngles>
                    <jointAngles>
                        <value>266.206787109375</value>
                        <jointIdentifier>6</jointIdentifier>
                    </jointAngles>
                </jointAngles>
                <constraint>
                    <type>0</type>
                    <value>0</value>
                </constraint>
            </reachJointAngles>
            <name>Gen3_Husky_Initial_Position</name>
        </jointAngles>
    </jointAnglesGroup>
